Frame,Object_ID,Object,X,Y
1,1,person,1667,643
1,2,person,78,627
6,1,person,1661,642
7,2,person,201,646
15,17,person,141,697
18,19,person,1329,598
19,19,person,1098,595
20,19,person,942,588
21,19,person,820,582
22,19,person,713,577
23,19,person,626,567
24,19,person,534,558
24,20,person,1440,209
25,19,person,480,548
25,20,person,1347,198
26,19,person,409,535
26,20,person,1264,188
26,21,person,1615,601
27,19,person,362,523
27,20,person,1194,177
27,21,person,1583,589
28,19,person,331,513
28,20,person,1133,167
28,21,person,1522,573
29,19,person,313,504
29,20,person,1069,152
29,21,person,1465,561
29,22,person,1655,609
30,19,person,294,493
30,20,person,1012,138
30,21,person,1418,544
30,22,person,1607,592
31,19,person,247,482
31,20,person,952,126
31,21,person,1366,528
31,22,person,1556,581
31,24,person,1737,556
32,19,person,241,474
32,20,person,896,120
32,21,person,1315,510
32,22,person,1506,568
32,24,person,1688,541
33,19,person,234,464
33,20,person,842,114
33,21,person,1266,498
33,22,person,1461,558
33,24,person,1631,529
34,19,person,229,456
34,20,person,793,108
34,21,person,1215,482
34,22,person,1418,544
34,24,person,1583,515
35,19,person,223,446
35,21,person,1168,469
35,22,person,1380,529
35,24,person,1535,493
36,19,person,217,440
36,21,person,1124,453
36,22,person,1340,512
36,24,person,1491,476
37,19,person,210,425
37,21,person,1086,444
37,22,person,1305,501
37,24,person,1451,461
38,19,person,197,429
38,21,person,1049,435
38,22,person,1270,488
38,24,person,1411,449
39,19,person,188,440
39,21,person,1018,423
39,22,person,1238,475
39,24,person,1378,432
40,19,person,177,424
40,21,person,997,413
40,22,person,1221,465
40,24,person,1356,420
41,19,person,169,405
41,21,person,983,405
41,22,person,1203,456
41,24,person,1337,408
42,19,person,167,398
42,21,person,980,395
42,22,person,1199,448
42,24,person,1332,399
43,19,person,173,397
43,21,person,987,391
43,22,person,1208,442
43,24,person,1335,396
44,19,person,189,396
44,21,person,1001,386
44,22,person,1225,436
44,24,person,1350,394
45,19,person,215,402
45,21,person,1025,380
45,22,person,1256,448
45,24,person,1367,397
46,19,person,239,398
46,21,person,1060,375
46,22,person,1290,455
46,24,person,1392,393
47,19,person,336,396
47,21,person,1100,373
47,22,person,1330,463
47,24,person,1417,398
48,19,person,406,397
48,21,person,1148,371
48,24,person,1436,398
49,19,person,479,398
49,21,person,1196,371
49,24,person,1483,404
49,22,person,1415,454
50,19,person,556,397
50,21,person,1244,371
50,24,person,1527,407
51,19,person,628,397
51,21,person,1291,373
51,24,person,1568,409
52,19,person,691,398
52,21,person,1338,369
52,24,person,1604,412
53,19,person,747,401
53,21,person,1380,363
53,24,person,1633,419
54,19,person,812,405
54,21,person,1417,369
54,24,person,1662,416
55,19,person,872,406
55,21,person,1455,378
55,24,person,1683,420
56,19,person,933,412
56,21,person,1487,388
56,24,person,1704,423
57,19,person,992,415
57,21,person,1518,399
57,24,person,1724,428
58,19,person,1067,419
58,21,person,1544,411
58,24,person,1758,436
59,19,person,1119,424
59,21,person,1563,422
59,24,person,1771,442
60,19,person,1157,428
60,21,person,1591,434
60,24,person,1794,451
61,19,person,1186,434
61,21,person,1619,448
61,24,person,1804,459
62,19,person,1190,447
62,21,person,1626,464
62,24,person,1801,473
63,19,person,1183,457
63,21,person,1663,477
63,24,person,1791,482
63,28,person,36,351
64,19,person,1188,469
64,21,person,1676,494
64,24,person,1788,532
65,19,person,1202,475
65,21,person,1670,501
65,24,person,1778,549
66,19,person,1208,491
66,21,person,1653,513
66,24,person,1760,581
67,19,person,1218,505
67,21,person,1631,534
67,24,person,1761,590
68,19,person,1222,521
68,21,person,1603,550
68,24,person,1735,612
69,19,person,1240,538
69,21,person,1573,563
69,24,person,1705,608
70,19,person,1249,551
70,21,person,1514,575
70,24,person,1684,629
71,19,person,1262,568
71,21,person,1486,588
71,24,person,1653,638
72,19,person,1277,575
72,21,person,1474,608
72,24,person,1622,666
72,34,person,820,614
73,19,person,1292,588
73,21,person,1464,616
73,24,person,1598,651
73,34,person,800,640
74,19,person,1304,609
74,21,person,1458,630
74,24,person,1565,672
74,34,person,781,651
75,19,person,1292,620
75,21,person,1446,615
75,24,person,1528,690
75,34,person,750,666
76,19,person,1274,633
76,21,person,1419,629
76,24,person,1487,709
76,34,person,719,674
77,19,person,1247,646
77,21,person,1385,642
77,24,person,1441,726
77,34,person,680,685
78,19,person,1217,655
78,21,person,1337,639
78,34,person,646,698
79,19,person,1192,661
79,34,person,606,710
80,19,person,1063,736
80,34,person,565,721
80,21,person,1272,620
81,19,person,957,748
81,34,person,512,732
81,21,person,1214,660
82,19,person,968,699
82,34,person,470,750
82,21,person,1147,672
83,19,person,887,711
83,34,person,430,763
83,21,person,1112,681
84,34,person,397,779
84,21,person,1107,690
85,34,person,360,794
85,21,person,1080,696
86,34,person,324,806
86,21,person,1062,699
87,34,person,288,817
87,21,person,1024,706
87,38,person,689,797
88,34,person,254,825
88,21,person,982,712
88,38,person,630,801
89,34,person,219,829
89,21,person,945,715
89,38,person,568,805
90,34,person,174,833
90,21,person,901,721
90,38,person,497,807
91,34,person,132,832
91,21,person,924,712
91,38,person,419,806
92,34,person,107,830
92,21,person,986,713
92,38,person,349,803
93,34,person,66,826
93,21,person,955,710
93,38,person,278,800
94,21,person,865,708
94,38,person,205,795
95,21,person,907,705
95,38,person,135,789
96,21,person,871,700
96,38,person,100,781
97,21,person,871,699
97,38,person,73,752
98,21,person,854,696
98,38,person,46,741
98,45,person,350,834
98,46,person,606,780
99,21,person,812,693
99,45,person,278,834
99,46,person,549,783
100,21,person,786,691
100,45,person,216,830
100,46,person,499,783
101,21,person,783,690
101,45,person,153,823
101,46,person,462,781
102,21,person,781,689
102,45,person,103,822
102,46,person,430,778
103,21,person,775,690
103,45,person,75,846
103,46,person,404,780
104,21,person,826,686
104,45,person,45,815
104,46,person,383,781
105,21,person,864,687
105,46,person,374,777
106,21,person,852,685
106,46,person,366,776
107,21,person,825,683
107,46,person,361,775
108,21,person,786,681
108,46,person,355,774
109,21,person,750,677
109,46,person,350,773
110,21,person,726,672
110,46,person,332,770
111,21,person,716,667
111,46,person,326,749
112,21,person,697,664
112,46,person,294,757
113,21,person,678,657
113,46,person,290,747
114,21,person,668,655
114,46,person,276,730
115,21,person,656,657
115,46,person,285,725
116,21,person,651,655
116,46,person,285,721
117,21,person,671,655
117,46,person,294,718
118,21,person,699,653
118,46,person,298,712
119,21,person,760,654
119,46,person,300,709
119,54,sports ball,1365,773
120,21,person,809,651
120,46,person,301,704
121,21,person,828,649
121,46,person,291,702
122,21,person,822,645
122,46,person,274,698
123,21,person,809,643
123,46,person,259,694
124,21,person,802,633
124,46,person,261,689
124,55,sports ball,1475,699
125,21,person,801,629
125,46,person,259,680
125,55,sports ball,1488,696
126,21,person,802,613
126,46,person,276,674
126,55,sports ball,1506,689
127,21,person,797,604
127,46,person,302,664
127,55,sports ball,1521,685
128,21,person,789,599
128,46,person,297,657
128,55,sports ball,1535,685
129,21,person,789,603
129,46,person,305,650
129,55,sports ball,1547,683
130,21,person,787,595
130,46,person,308,643
130,55,sports ball,1555,681
131,21,person,780,592
131,46,person,315,606
131,55,sports ball,1564,680
132,21,person,796,585
132,46,person,320,602
132,55,sports ball,1577,682
133,21,person,825,579
133,46,person,313,599
133,55,sports ball,1589,689
134,21,person,854,571
134,46,person,299,598
134,55,sports ball,1601,694
135,21,person,903,559
135,46,person,281,597
135,55,sports ball,1610,701
136,21,person,951,549
136,46,person,284,600
136,55,sports ball,1621,708
137,21,person,942,536
137,46,person,281,598
137,55,sports ball,1629,718
138,21,person,921,522
138,46,person,279,589
139,21,person,899,504
139,46,person,296,580
140,21,person,875,492
140,46,person,320,566
141,21,person,853,481
141,46,person,330,554
142,21,person,842,455
142,46,person,302,545
143,21,person,833,452
143,46,person,298,538
144,21,person,826,456
144,46,person,299,510
145,21,person,830,464
145,46,person,302,505
146,21,person,833,468
146,46,person,308,502
147,21,person,824,469
147,46,person,317,498
148,21,person,828,470
148,46,person,309,496
148,61,person,1790,551
149,21,person,843,471
149,46,person,307,499
149,61,person,1707,537
150,21,person,869,473
150,46,person,292,501
150,61,person,1657,536
150,55,sports ball,1628,793
151,21,person,912,470
151,46,person,278,501
151,61,person,1613,535
152,21,person,952,468
152,46,person,282,501
152,61,person,1575,533
153,21,person,953,467
153,46,person,283,501
153,61,person,1538,530
154,21,person,948,465
154,46,person,311,501
154,61,person,1510,527
154,63,sports ball,1677,735
155,21,person,950,470
155,46,person,344,500
155,61,person,1480,526
155,63,sports ball,1679,727
156,21,person,954,461
156,46,person,389,496
156,61,person,1428,528
156,63,sports ball,1685,720
157,21,person,953,443
157,46,person,387,495
157,61,person,1394,528
157,63,sports ball,1693,716
158,21,person,953,436
158,46,person,378,492
158,61,person,1357,526
158,63,sports ball,1705,713
159,21,person,957,435
159,46,person,379,491
159,61,person,1343,525
159,63,sports ball,1720,712
160,21,person,965,448
160,46,person,385,494
160,61,person,1340,523
160,63,sports ball,1735,711
161,21,person,985,451
161,46,person,401,496
161,61,person,1315,525
161,63,sports ball,1758,714
162,21,person,1004,424
162,46,person,421,489
162,63,sports ball,1778,721
163,21,person,1035,475
163,46,person,434,502
163,63,sports ball,1798,731
164,21,person,1074,480
164,46,person,442,512
164,63,sports ball,1816,739
165,21,person,1115,485
165,46,person,464,517
165,63,sports ball,1833,748
166,21,person,1217,491
166,46,person,493,526
166,63,sports ball,1852,759
167,21,person,1268,497
167,46,person,543,526
167,63,sports ball,1864,773
168,21,person,1277,500
168,46,person,585,529
169,21,person,1283,499
169,46,person,656,535
169,61,person,1025,559
170,21,person,1276,501
170,46,person,693,534
170,61,person,1001,551
171,21,person,1270,497
171,46,person,705,534
171,61,person,986,554
172,21,person,1269,500
172,46,person,695,532
172,61,person,963,558
173,21,person,1271,491
173,46,person,697,531
173,61,person,879,598
174,21,person,1268,483
174,46,person,692,530
174,61,person,877,615
175,21,person,1269,491
175,46,person,643,526
175,61,person,920,622
176,21,person,1239,497
176,46,person,666,517
177,21,person,1243,509
177,46,person,657,512
178,21,person,1237,512
178,46,person,651,529
179,21,person,1224,517
179,46,person,613,536
180,21,person,1203,520
180,46,person,617,538
181,21,person,1184,523
181,46,person,652,549
182,21,person,1160,525
182,46,person,638,545
182,61,person,426,558
183,21,person,1154,525
183,46,person,565,546
183,66,person,139,571
184,21,person,1125,524
184,46,person,569,543
184,66,person,103,567
185,21,person,1083,525
185,46,person,553,545
185,66,person,67,565
185,70,person,1447,601
186,21,person,1038,523
186,46,person,501,544
186,70,person,1365,599
187,21,person,989,519
187,46,person,448,543
187,70,person,1272,595
188,21,person,939,519
188,46,person,396,537
188,70,person,1191,595
189,21,person,898,508
189,46,person,352,537
189,70,person,1104,636
190,21,person,879,504
190,46,person,342,520
191,21,person,863,510
191,46,person,334,518
192,21,person,858,522
192,46,person,321,521
193,21,person,849,529
193,46,person,309,522
194,21,person,843,530
194,46,person,290,524
195,21,person,851,529
195,46,person,272,530
196,21,person,891,527
196,46,person,275,530
197,21,person,930,521
197,46,person,297,524
198,21,person,922,516
198,46,person,327,518
199,21,person,897,513
199,46,person,354,515
200,21,person,890,510
200,46,person,328,510
200,82,person,524,565
201,21,person,893,507
201,46,person,304,503
201,82,person,477,556
202,21,person,892,502
202,46,person,291,501
203,21,person,900,491
203,46,person,327,495
204,21,person,895,486
204,46,person,338,477
205,21,person,909,494
205,46,person,370,468
206,21,person,905,499
206,46,person,397,471
207,21,person,916,500
207,46,person,434,478
207,88,sports ball,1192,816
207,82,person,281,471
208,21,person,922,502
208,46,person,436,482
208,88,sports ball,1202,808
209,21,person,927,504
209,46,person,470,490
209,88,sports ball,1197,804
210,21,person,933,503
210,46,person,485,493
210,88,sports ball,1190,802
211,21,person,947,502
211,46,person,486,495
211,88,sports ball,1188,801
211,89,person,107,529
212,21,person,952,500
212,46,person,516,494
212,88,sports ball,1188,798
212,89,person,86,528
213,21,person,959,497
213,46,person,565,497
213,89,person,63,527
214,21,person,979,496
214,46,person,567,498
215,21,person,996,490
215,46,person,564,499
216,21,person,983,490
216,46,person,558,502
217,21,person,990,489
217,46,person,558,501
218,21,person,1015,477
218,46,person,574,510
219,21,person,1006,482
219,46,person,623,512
220,21,person,1013,488
220,46,person,629,515
221,21,person,1026,494
221,46,person,663,523
222,21,person,1019,494
222,46,person,676,526
223,21,person,1021,500
223,46,person,667,531
224,21,person,1028,501
224,46,person,668,534
225,21,person,983,499
225,46,person,706,536
226,21,person,992,503
226,46,person,805,532
227,21,person,1015,500
227,46,person,833,536
227,95,sports ball,1242,846
228,21,person,1016,502
228,46,person,854,537
228,95,sports ball,1258,849
229,21,person,1013,500
229,46,person,869,537
229,95,sports ball,1267,850
230,21,person,1010,505
230,46,person,899,538
230,95,sports ball,1264,850
231,21,person,1039,507
231,46,person,867,534
231,95,sports ball,1277,855
232,21,person,1066,519
232,46,person,872,534
232,95,sports ball,1286,854
233,21,person,1099,526
233,46,person,844,536
234,21,person,1062,532
234,46,person,911,545
235,21,person,1084,534
235,46,person,926,542
236,21,person,1036,532
236,46,person,890,547
236,95,sports ball,1302,881
237,21,person,1026,536
237,46,person,895,548
237,95,sports ball,1303,880
238,21,person,1031,530
238,46,person,916,550
238,95,sports ball,1303,870
239,21,person,1044,535
239,46,person,906,548
239,95,sports ball,1305,862
240,21,person,1101,532
240,46,person,888,547
240,95,sports ball,1313,855
241,21,person,1107,535
241,46,person,885,544
241,95,sports ball,1323,860
242,21,person,1077,539
242,46,person,891,545
242,95,sports ball,1326,868
243,21,person,1059,540
243,46,person,887,537
243,95,sports ball,1330,871
244,21,person,1069,540
244,46,person,884,481
245,21,person,1057,543
245,46,person,866,529
246,21,person,1049,546
246,46,person,863,530
247,21,person,1049,542
247,46,person,880,526
248,21,person,1059,537
248,46,person,888,520
249,21,person,1047,535
249,46,person,869,515
249,102,sports ball,1292,829
250,21,person,1034,532
250,46,person,852,512
251,21,person,1006,527
251,46,person,828,510
251,103,person,1525,620
252,21,person,978,516
252,46,person,792,508
252,103,person,1443,613
253,21,person,970,513
253,46,person,772,504
253,103,person,1395,612
253,104,person,1773,585
253,105,sports ball,1208,809
254,21,person,946,504
254,46,person,690,504
254,103,person,1345,609
255,21,person,945,496
255,46,person,685,506
255,103,person,1299,607
256,21,person,926,490
256,46,person,687,509
256,103,person,1250,606
257,21,person,890,486
257,46,person,655,510
257,103,person,1201,604
257,107,sports ball,1198,814
257,108,person,1737,562
258,21,person,858,477
258,46,person,608,508
258,103,person,1155,598
258,107,sports ball,1201,826
258,108,person,1730,560
259,21,person,796,473
259,46,person,582,507
259,103,person,1116,596
259,107,sports ball,1196,836
259,108,person,1710,559
260,21,person,775,466
260,46,person,562,505
260,103,person,1091,591
260,107,sports ball,1192,843
260,108,person,1693,556
261,21,person,770,464
261,46,person,555,492
261,103,person,1058,589
261,107,sports ball,1189,850
261,108,person,1660,551
262,21,person,786,462
262,46,person,553,498
262,103,person,1024,585
262,107,sports ball,1188,844
262,108,person,1627,547
263,21,person,748,463
263,46,person,547,502
263,103,person,992,582
263,107,sports ball,1190,837
263,108,person,1594,541
264,21,person,767,469
264,46,person,538,502
264,103,person,953,580
264,107,sports ball,1191,830
264,108,person,1567,539
265,21,person,768,468
265,46,person,533,501
265,107,sports ball,1192,825
265,108,person,1541,535
266,21,person,773,468
266,46,person,524,499
266,107,sports ball,1194,823
266,108,person,1517,533
267,21,person,795,464
267,46,person,516,501
267,107,sports ball,1196,821
267,108,person,1496,529
268,21,person,820,465
268,46,person,518,500
268,107,sports ball,1204,822
268,108,person,1485,525
269,21,person,823,464
269,46,person,529,498
269,107,sports ball,1213,822
269,108,person,1476,520
270,21,person,820,463
270,46,person,543,498
270,107,sports ball,1224,822
270,108,person,1471,517
271,21,person,821,459
271,46,person,559,492
271,107,sports ball,1239,826
271,108,person,1464,516
272,21,person,832,454
272,46,person,551,495
272,107,sports ball,1259,833
272,108,person,1458,516
273,21,person,856,448
273,46,person,557,491
273,107,sports ball,1279,841
273,108,person,1454,517
274,21,person,880,447
274,46,person,560,484
274,107,sports ball,1301,843
274,108,person,1453,518
275,21,person,900,445
275,46,person,568,482
275,107,sports ball,1325,841
275,108,person,1461,523
276,21,person,923,446
276,46,person,577,478
276,107,sports ball,1346,835
276,108,person,1474,527
277,21,person,950,449
277,46,person,583,473
277,107,sports ball,1369,835
277,108,person,1483,528
278,21,person,984,460
278,46,person,575,470
278,107,sports ball,1387,829
278,108,person,1533,527
279,21,person,1005,471
279,46,person,591,474
279,107,sports ball,1406,827
279,108,person,1516,527
280,21,person,1030,475
280,46,person,605,478
280,107,sports ball,1423,825
280,108,person,1524,557
281,21,person,1056,480
281,46,person,615,481
281,107,sports ball,1440,830
281,108,person,1532,546
282,21,person,1077,482
282,46,person,636,483
282,107,sports ball,1455,835
282,108,person,1529,523
283,21,person,1093,486
283,46,person,651,485
283,107,sports ball,1465,843
283,108,person,1516,523
284,21,person,1109,484
284,46,person,667,490
284,107,sports ball,1474,846
284,108,person,1497,520
285,21,person,1119,488
285,46,person,690,493
285,107,sports ball,1482,845
285,108,person,1476,522
286,21,person,1132,489
286,46,person,709,493
286,107,sports ball,1487,840
286,108,person,1454,518
287,21,person,1142,492
287,46,person,717,494
287,107,sports ball,1490,841
287,108,person,1436,519
288,21,person,1163,491
288,46,person,718,495
288,107,sports ball,1494,838
288,108,person,1415,522
289,21,person,1161,494
289,46,person,728,498
289,107,sports ball,1497,840
289,108,person,1408,522
289,112,person,447,532
290,21,person,1175,495
290,46,person,730,495
290,107,sports ball,1498,843
290,108,person,1376,521
291,21,person,1191,497
291,46,person,724,494
291,107,sports ball,1500,843
291,108,person,1351,516
292,21,person,1197,498
292,46,person,707,492
292,107,sports ball,1498,838
292,108,person,1337,519
293,21,person,1206,505
293,46,person,695,491
293,108,person,1378,528
293,113,person,300,533
294,21,person,1159,506
294,46,person,680,490
294,113,person,228,534
295,21,person,1134,513
295,46,person,662,488
295,113,person,187,534
295,108,person,1327,539
296,21,person,1150,520
296,46,person,644,485
296,113,person,148,533
297,21,person,1137,525
297,46,person,628,500
297,113,person,111,532
298,21,person,1085,521
298,46,person,601,505
298,113,person,69,531
299,21,person,1074,520
299,46,person,583,502
299,113,person,47,531
300,21,person,1063,519
300,46,person,560,511
301,21,person,1057,519
301,46,person,544,517
301,114,sports ball,1301,849
302,21,person,1046,519
302,46,person,540,516
302,114,sports ball,1287,852
303,21,person,1032,517
303,46,person,531,518
303,114,sports ball,1266,850
304,21,person,1025,517
304,46,person,518,522
304,114,sports ball,1241,850
305,21,person,1016,515
305,46,person,517,528
305,114,sports ball,1218,850
306,21,person,1012,514
306,46,person,511,531
306,114,sports ball,1195,853
307,21,person,988,514
307,46,person,503,534
307,114,sports ball,1175,854
308,21,person,970,514
308,46,person,486,532
308,114,sports ball,1155,855
309,21,person,951,515
309,46,person,488,532
309,114,sports ball,1135,855
310,21,person,936,507
310,46,person,492,534
310,114,sports ball,1116,855
311,21,person,922,506
311,46,person,495,535
311,114,sports ball,1097,854
312,21,person,911,509
312,46,person,496,534
312,114,sports ball,1080,855
313,21,person,903,515
313,46,person,505,535
313,114,sports ball,1067,856
314,21,person,885,528
314,46,person,520,534
314,114,sports ball,1049,853
315,21,person,872,535
315,46,person,519,534
316,21,person,858,539
316,46,person,508,533
316,114,sports ball,1025,850
317,21,person,858,537
317,46,person,496,533
317,114,sports ball,1018,851
318,21,person,871,540
318,46,person,491,533
318,114,sports ball,1009,849
319,21,person,868,543
319,46,person,486,532
319,114,sports ball,997,848
320,21,person,875,547
320,46,person,522,538
321,21,person,880,546
321,46,person,534,540
322,21,person,878,543
322,46,person,483,542
322,114,sports ball,988,842
323,21,person,875,542
323,46,person,473,545
323,114,sports ball,989,841
324,21,person,885,538
324,46,person,485,546
324,114,sports ball,1001,839
325,21,person,890,534
325,46,person,502,548
325,114,sports ball,1012,837
326,21,person,899,530
326,46,person,504,546
326,114,sports ball,1020,837
327,21,person,920,525
327,46,person,524,544
327,114,sports ball,1024,833
328,21,person,947,522
328,46,person,548,543
328,114,sports ball,1029,828
329,21,person,974,520
329,46,person,578,541
329,114,sports ball,1037,824
330,21,person,999,518
330,46,person,590,535
330,114,sports ball,1046,822
331,21,person,1032,517
331,46,person,617,531
331,114,sports ball,1054,821
332,21,person,1062,520
332,46,person,665,527
332,114,sports ball,1060,818
333,21,person,1087,520
333,46,person,683,521
333,114,sports ball,1071,818
334,21,person,1105,519
334,46,person,712,514
334,114,sports ball,1083,815
335,21,person,1124,520
335,46,person,737,508
335,114,sports ball,1092,812
336,21,person,1138,521
336,46,person,762,502
336,114,sports ball,1104,811
337,21,person,1159,521
337,46,person,776,493
337,114,sports ball,1112,809
338,21,person,1166,522
338,46,person,795,484
338,114,sports ball,1122,811
339,21,person,1178,521
339,46,person,816,479
339,114,sports ball,1134,807
340,21,person,1200,519
340,46,person,844,472
340,114,sports ball,1142,808
341,21,person,1216,517
341,46,person,840,472
341,114,sports ball,1151,802
342,21,person,1223,515
342,46,person,847,464
342,114,sports ball,1159,803
343,21,person,1212,512
343,46,person,867,461
343,114,sports ball,1168,801
344,21,person,1205,506
344,46,person,920,460
344,114,sports ball,1177,804
345,21,person,1198,498
345,46,person,955,461
345,114,sports ball,1185,800
346,21,person,1191,491
346,46,person,948,459
346,114,sports ball,1193,798
347,21,person,1199,483
347,46,person,971,460
347,114,sports ball,1203,797
348,21,person,1265,473
348,46,person,993,459
348,114,sports ball,1209,795
349,21,person,1193,466
349,46,person,998,460
349,114,sports ball,1214,795
350,21,person,1183,460
350,46,person,1085,513
350,114,sports ball,1211,793
351,21,person,1180,452
351,46,person,1104,518
351,114,sports ball,1186,786
352,21,person,1177,447
352,46,person,1119,523
352,114,sports ball,1156,782
353,21,person,1169,438
353,46,person,1131,527
353,114,sports ball,1126,778
354,21,person,1171,435
354,114,sports ball,1097,770
355,21,person,1178,427
355,114,sports ball,1066,768
355,46,person,1124,507
356,21,person,1176,425
356,114,sports ball,1039,766
356,46,person,1122,504
357,21,person,1161,428
357,114,sports ball,1005,770
357,46,person,1120,537
358,21,person,1181,432
358,114,sports ball,973,771
358,46,person,1124,544
359,21,person,1173,431
359,114,sports ball,944,771
360,21,person,1169,426
360,114,sports ball,923,766
361,21,person,1160,431
361,114,sports ball,899,763
362,21,person,1151,432
362,114,sports ball,877,758
363,21,person,1125,434
363,114,sports ball,855,756
364,21,person,1106,433
364,114,sports ball,837,755
364,116,person,1405,465
365,21,person,1098,434
365,114,sports ball,819,754
365,116,person,1442,467
366,21,person,1084,433
366,114,sports ball,799,756
366,116,person,1444,464
367,21,person,1074,431
367,114,sports ball,785,756
367,116,person,1457,462
368,21,person,1051,430
368,114,sports ball,770,755
368,116,person,1469,461
369,21,person,1045,423
369,114,sports ball,759,754
369,116,person,1484,461
370,21,person,1033,411
370,114,sports ball,748,752
370,116,person,1511,459
371,21,person,1020,405
371,114,sports ball,738,753
371,116,person,1536,454
372,21,person,1017,408
372,114,sports ball,733,752
372,116,person,1559,454
372,117,person,1257,469
373,21,person,1035,412
373,114,sports ball,729,752
373,116,person,1578,452
373,117,person,1267,449
374,21,person,1059,413
374,114,sports ball,727,753
374,116,person,1597,452
374,117,person,1275,443
375,21,person,1058,418
375,114,sports ball,739,755
375,116,person,1627,455
375,117,person,1291,443
376,21,person,1073,426
376,114,sports ball,763,758
376,116,person,1670,459
376,117,person,1314,443
377,21,person,1100,433
377,114,sports ball,786,759
377,116,person,1714,460
377,117,person,1332,447
378,21,person,1127,436
378,114,sports ball,812,762
378,116,person,1761,464
378,117,person,1360,446
379,21,person,1149,445
379,114,sports ball,843,764
379,116,person,1807,470
379,117,person,1390,445
380,21,person,1186,453
380,114,sports ball,875,767
380,116,person,1834,467
380,117,person,1423,450
381,21,person,1209,455
381,114,sports ball,907,769
381,116,person,1863,468
381,117,person,1458,452
382,21,person,1227,463
382,114,sports ball,940,772
382,117,person,1495,459
383,21,person,1248,465
383,114,sports ball,973,774
383,117,person,1535,464
384,21,person,1270,467
384,114,sports ball,1005,779
384,117,person,1570,470
385,21,person,1294,473
385,114,sports ball,1035,784
385,117,person,1605,480
386,21,person,1326,473
386,114,sports ball,1065,788
386,117,person,1643,494
387,21,person,1351,467
387,117,person,1680,504
388,21,person,1378,466
388,117,person,1705,514
388,114,sports ball,1129,791
389,21,person,1395,464
389,117,person,1729,517
389,118,person,155,468
389,114,sports ball,1132,789
390,21,person,1406,463
390,117,person,1747,487
390,118,person,201,471
391,21,person,1416,461
391,117,person,1758,465
391,118,person,244,473
392,21,person,1443,461
392,117,person,1764,451
392,118,person,282,480
393,21,person,1460,464
393,117,person,1770,450
393,118,person,317,481
394,21,person,1461,465
394,117,person,1774,454
394,120,person,163,408
395,21,person,1466,467
395,117,person,1781,505
395,120,person,235,415
395,121,sports ball,1081,812
396,21,person,1484,471
396,117,person,1785,522
396,120,person,257,421
396,121,sports ball,1072,800
397,21,person,1501,475
397,117,person,1789,531
397,120,person,335,422
397,121,sports ball,1071,800
398,21,person,1470,483
398,117,person,1791,540
398,120,person,393,429
398,121,sports ball,1070,803
398,123,person,204,406
399,21,person,1463,487
399,117,person,1787,544
399,120,person,451,432
399,121,sports ball,1067,807
399,123,person,190,401
399,125,person,533,505
400,21,person,1451,492
400,117,person,1787,546
400,120,person,490,440
400,121,sports ball,1060,811
400,123,person,210,407
400,125,person,572,511
401,21,person,1438,499
401,117,person,1781,551
401,120,person,543,444
401,121,sports ball,1049,815
401,123,person,233,419
402,21,person,1408,502
402,117,person,1772,555
402,120,person,596,449
402,121,sports ball,1042,818
402,123,person,271,426
403,21,person,1397,504
403,117,person,1761,562
403,120,person,642,450
403,121,sports ball,1033,824
403,123,person,304,442
404,21,person,1387,506
404,117,person,1744,565
404,120,person,690,449
404,121,sports ball,1019,827
404,123,person,328,452
405,21,person,1381,511
405,117,person,1726,542
405,120,person,718,452
405,121,sports ball,1005,830
405,123,person,347,459
406,21,person,1367,511
406,117,person,1707,546
406,120,person,749,458
406,121,sports ball,989,832
406,123,person,367,466
407,21,person,1350,513
407,117,person,1693,546
407,120,person,772,466
407,121,sports ball,974,835
407,123,person,376,474
408,21,person,1338,516
408,117,person,1680,547
408,120,person,796,467
408,121,sports ball,956,834
408,123,person,392,480
409,21,person,1319,519
409,117,person,1671,550
409,120,person,820,469
409,121,sports ball,944,837
409,123,person,406,487
409,126,person,95,501
410,21,person,1302,518
410,117,person,1661,570
410,120,person,854,478
410,121,sports ball,925,840
410,123,person,424,492
410,126,person,82,464
411,21,person,1279,512
411,117,person,1652,571
411,120,person,877,474
411,121,sports ball,907,845
411,123,person,437,496
411,126,person,87,461
412,21,person,1236,508
412,117,person,1643,580
412,120,person,904,473
412,121,sports ball,889,850
412,123,person,455,500
412,126,person,92,467
412,127,person,784,561
413,21,person,1219,512
413,117,person,1641,583
413,120,person,955,461
413,121,sports ball,880,854
413,123,person,472,501
413,126,person,100,474
413,127,person,795,622
414,21,person,1197,514
414,117,person,1640,588
414,120,person,982,478
414,121,sports ball,869,855
414,123,person,494,508
414,126,person,108,481
414,127,person,817,596
415,21,person,1194,519
415,117,person,1641,592
415,121,sports ball,851,862
415,123,person,517,509
415,126,person,120,489
415,127,person,833,595
416,21,person,1211,531
416,117,person,1647,600
416,121,sports ball,842,865
416,123,person,539,511
416,126,person,140,496
416,127,person,849,602
417,21,person,1196,537
417,117,person,1659,608
417,121,sports ball,833,866
417,123,person,556,509
417,126,person,162,505
417,127,person,867,608
418,21,person,1182,541
418,117,person,1673,612
418,121,sports ball,825,870
418,123,person,578,511
418,126,person,183,511
418,127,person,888,614
419,21,person,1164,545
419,117,person,1691,617
419,121,sports ball,820,873
419,123,person,603,501
419,126,person,209,519
419,127,person,909,620
419,120,person,1250,474
420,21,person,1138,547
420,117,person,1698,621
420,121,sports ball,818,876
420,123,person,631,502
420,126,person,242,524
420,127,person,927,626
420,128,person,114,519
420,120,person,1271,550
421,21,person,1092,547
421,117,person,1696,627
421,121,sports ball,818,880
421,123,person,664,501
421,126,person,275,532
421,127,person,947,629
421,128,person,143,527
421,120,person,1316,566
422,21,person,1075,542
422,117,person,1657,631
422,121,sports ball,816,881
422,123,person,702,522
422,126,person,304,538
422,127,person,967,635
422,128,person,173,532
422,120,person,1339,572
423,21,person,1051,542
423,117,person,1619,635
423,121,sports ball,817,881
423,123,person,737,533
423,126,person,340,543
423,127,person,979,638
423,128,person,192,534
423,120,person,1383,570
424,21,person,1040,543
424,117,person,1573,634
424,121,sports ball,819,888
424,123,person,764,539
424,126,person,375,550
424,128,person,222,540
424,120,person,1421,571
425,21,person,1055,542
425,117,person,1602,636
425,121,sports ball,821,891
425,123,person,794,551
425,126,person,411,558
425,128,person,270,545
426,21,person,1066,540
426,117,person,1611,641
426,121,sports ball,820,893
426,123,person,825,547
426,126,person,446,563
426,128,person,298,551
427,21,person,1075,536
427,117,person,1619,640
427,121,sports ball,821,901
427,123,person,852,549
427,126,person,482,568
427,128,person,325,553
428,21,person,1072,536
428,117,person,1550,624
428,121,sports ball,828,906
428,123,person,868,547
428,126,person,518,572
428,128,person,360,556
429,21,person,1078,538
429,117,person,1608,633
429,121,sports ball,832,911
429,123,person,889,556
429,126,person,554,578
429,128,person,391,560
429,120,person,1729,593
430,21,person,1073,540
430,117,person,1610,634
430,121,sports ball,838,913
430,123,person,919,548
430,126,person,590,585
430,128,person,421,564
430,120,person,1761,611
431,21,person,1071,543
431,117,person,1614,640
431,121,sports ball,843,917
431,123,person,920,561
431,126,person,630,591
431,128,person,454,569
431,120,person,1785,611
432,21,person,1063,547
432,117,person,1620,644
432,121,sports ball,851,925
432,123,person,956,539
432,126,person,669,598
432,128,person,489,575
432,120,person,1806,606
433,21,person,1065,548
433,117,person,1620,653
433,121,sports ball,856,929
433,126,person,706,605
433,128,person,510,580
433,120,person,1828,607
434,21,person,1079,558
434,117,person,1629,658
434,121,sports ball,865,932
434,126,person,743,608
434,128,person,545,584
434,120,person,1851,605
434,130,person,1336,694
435,21,person,1109,563
435,117,person,1619,662
435,121,sports ball,873,936
435,126,person,784,610
435,128,person,580,590
435,130,person,1361,698
436,21,person,1141,571
436,117,person,1601,669
436,121,sports ball,879,941
436,126,person,827,617
436,128,person,609,595
436,130,person,1387,705
437,21,person,1164,580
437,117,person,1581,675
437,121,sports ball,885,945
437,126,person,867,620
437,128,person,642,603
438,21,person,1222,652
438,117,person,1556,679
438,121,sports ball,892,950
438,126,person,899,624
438,128,person,680,610
438,123,person,1063,559
439,21,person,1266,636
439,117,person,1525,680
439,121,sports ball,900,955
439,126,person,933,620
439,128,person,713,619
439,123,person,1070,583
440,21,person,1267,631
440,117,person,1493,679
440,121,sports ball,905,957
440,126,person,960,630
440,128,person,745,626
440,123,person,1078,601
441,21,person,1289,633
441,117,person,1490,680
441,121,sports ball,908,955
441,126,person,988,638
441,128,person,774,633
441,123,person,1088,614
442,117,person,1478,680
442,126,person,1029,675
442,128,person,808,640
442,123,person,1090,618
443,117,person,1489,677
443,128,person,843,644
443,123,person,1080,624
444,117,person,1510,672
444,128,person,874,660
444,123,person,1108,625
444,21,person,1382,662
445,117,person,1511,660
445,128,person,905,648
445,123,person,1135,612
446,117,person,1522,652
446,128,person,935,640
446,123,person,1152,633
447,117,person,1516,642
447,128,person,960,638
447,123,person,1179,630
447,133,person,1761,741
448,117,person,1489,653
448,128,person,982,645
448,123,person,1207,629
448,133,person,1787,740
448,21,person,1427,658
449,117,person,1475,656
449,128,person,1005,666
449,123,person,1205,629
449,133,person,1816,741
449,21,person,1395,658
449,126,person,1302,689
450,117,person,1468,657
450,128,person,1033,674
450,123,person,1211,632
450,133,person,1847,744
450,21,person,1382,660
451,117,person,1456,662
451,128,person,1046,682
451,123,person,1215,633
451,133,person,1866,744
451,21,person,1380,649
452,117,person,1459,664
452,123,person,1224,633
452,133,person,1880,744
453,117,person,1449,663
453,123,person,1231,631
453,133,person,1897,741
454,117,person,1442,659
454,123,person,1133,634
454,141,person,1741,642
454,21,person,1398,633
455,117,person,1426,667
455,123,person,1126,630
455,141,person,1754,642
455,126,person,1547,662
456,117,person,1417,670
456,123,person,1136,625
456,141,person,1772,639
456,126,person,1578,658
457,117,person,1416,659
457,123,person,1157,620
457,141,person,1790,639
457,126,person,1621,662
458,117,person,1417,667
458,123,person,1184,619
458,141,person,1810,640
458,126,person,1658,666
459,117,person,1424,665
459,123,person,1216,618
459,141,person,1830,633
459,126,person,1697,674
460,117,person,1427,665
460,123,person,1237,611
460,141,person,1850,632
460,126,person,1742,668
461,117,person,1483,661
461,123,person,1266,609
461,141,person,1872,622
461,126,person,1793,668
462,117,person,1517,661
462,123,person,1309,609
462,126,person,1845,669
463,117,person,1552,656
463,123,person,1356,608
463,126,person,1874,667
464,117,person,1602,650
464,123,person,1435,605
465,117,person,1665,635
465,123,person,1472,603
466,117,person,1715,627
466,123,person,1527,608
466,154,person,1167,345
467,117,person,1737,581
467,123,person,1571,612
467,154,person,1237,342
468,117,person,1740,550
468,123,person,1621,617
468,154,person,1303,345
469,117,person,1766,560
469,123,person,1648,621
470,117,person,1786,562
470,123,person,1672,623
471,117,person,1805,560
471,123,person,1696,625
472,117,person,1829,567
472,123,person,1724,626
472,160,person,254,702
473,123,person,1731,627
473,160,person,325,696
474,123,person,1778,623
474,160,person,403,694
475,123,person,1811,623
475,160,person,481,694
476,160,person,556,693
477,160,person,631,690
478,160,person,702,690
479,160,person,769,687
480,160,person,829,686
481,160,person,890,683
482,160,person,939,685
483,160,person,980,683
484,160,person,1009,681
485,160,person,1042,678
485,171,person,216,619
486,160,person,1073,674
486,171,person,276,615
487,160,person,1125,672
487,171,person,333,612
488,160,person,1177,667
488,171,person,395,608
489,160,person,1226,663
489,171,person,449,605
490,160,person,1273,656
490,171,person,501,600
491,160,person,1312,647
491,171,person,548,595
492,160,person,1350,642
492,171,person,596,589
493,160,person,1383,633
493,171,person,636,585
494,160,person,1414,625
494,171,person,677,578
494,174,sports ball,1170,800
495,160,person,1446,616
495,171,person,718,572
496,160,person,1458,614
496,171,person,753,566
497,160,person,1472,606
497,171,person,790,561
498,160,person,1478,602
498,171,person,822,553
498,175,sports ball,1253,771
499,160,person,1488,594
499,171,person,854,545
500,160,person,1489,585
500,171,person,881,537
501,160,person,1493,577
501,171,person,906,528
502,160,person,1503,569
502,171,person,931,519
503,160,person,1521,560
503,171,person,953,511
504,160,person,1537,549
504,171,person,976,501
505,160,person,1555,536
505,171,person,996,492
506,160,person,1562,526
506,171,person,1015,484
507,160,person,1556,514
507,171,person,1030,472
508,160,person,1548,503
508,171,person,1047,465
509,160,person,1542,494
509,171,person,1058,456
510,160,person,1535,483
510,171,person,1070,447
511,160,person,1525,472
511,171,person,1077,436
512,160,person,1506,461
512,171,person,1080,424
512,179,sports ball,1308,613
513,160,person,1482,453
513,171,person,1083,418
514,160,person,1458,445
514,171,person,1086,410
515,160,person,1446,432
515,171,person,1086,399
516,160,person,1427,425
516,171,person,1084,393
516,180,sports ball,1259,570
517,160,person,1411,415
517,171,person,1078,387
517,180,sports ball,1235,564
518,160,person,1384,408
518,171,person,1073,379
518,180,sports ball,1216,562
519,160,person,1363,403
519,171,person,1067,374
519,180,sports ball,1200,560
520,160,person,1336,400
520,171,person,1061,368
520,180,sports ball,1180,563
521,160,person,1319,394
521,171,person,1059,363
521,180,sports ball,1167,565
522,160,person,1304,390
522,171,person,1060,360
522,180,sports ball,1157,565
523,160,person,1292,389
523,171,person,1065,356
523,180,sports ball,1155,568
524,160,person,1282,384
524,171,person,1070,355
524,180,sports ball,1144,575
525,160,person,1274,380
525,171,person,1074,351
526,160,person,1274,374
526,171,person,1079,347
527,160,person,1261,374
527,171,person,1088,344
528,160,person,1253,373
528,171,person,1092,344
529,160,person,1251,369
529,171,person,1098,342
530,160,person,1256,366
530,171,person,1106,344
531,160,person,1252,361
531,171,person,1113,341
532,160,person,1236,362
532,171,person,1120,341
533,160,person,1237,346
533,171,person,1128,340
534,160,person,1232,345
534,171,person,1135,339
535,171,person,1151,333
536,171,person,1160,332
537,171,person,1165,328
538,171,person,1171,325
539,171,person,1180,323
540,171,person,1185,324
541,171,person,1193,322
542,171,person,1202,322
543,171,person,1212,323
544,171,person,1224,323
545,171,person,1236,322
546,171,person,1258,323
547,171,person,1270,322
548,171,person,1286,321
548,181,person,1140,372
549,171,person,1299,323
549,181,person,1135,370
550,171,person,1312,323
550,181,person,1129,368
551,171,person,1328,323
551,181,person,1147,370
552,171,person,1345,324
552,181,person,1150,371
553,171,person,1360,327
553,181,person,1162,371
554,171,person,1372,325
554,181,person,1183,368
555,171,person,1391,329
555,181,person,1203,373
556,171,person,1411,331
556,181,person,1225,371
557,171,person,1433,333
557,181,person,1246,369
558,171,person,1455,335
558,181,person,1252,371
559,171,person,1469,338
559,181,person,1255,371
560,171,person,1486,344
560,181,person,1257,375
561,171,person,1504,348
561,181,person,1259,376
562,171,person,1525,349
562,181,person,1266,378
563,171,person,1547,349
563,181,person,1273,384
564,171,person,1567,353
564,181,person,1277,388
565,171,person,1586,359
565,181,person,1271,389
566,171,person,1603,364
566,181,person,1284,395
567,171,person,1620,365
567,181,person,1289,398
568,171,person,1632,368
568,181,person,1290,404
569,171,person,1647,372
569,181,person,1289,409
570,171,person,1656,373
570,181,person,1284,413
571,171,person,1664,376
571,181,person,1280,415
572,171,person,1674,379
572,181,person,1275,423
573,171,person,1687,382
573,181,person,1270,427
574,171,person,1695,384
574,181,person,1270,431
575,171,person,1702,389
575,181,person,1270,434
576,171,person,1707,394
576,181,person,1271,441
577,171,person,1712,400
577,181,person,1271,448
578,171,person,1718,405
578,181,person,1267,454
579,171,person,1722,413
579,181,person,1267,462
580,171,person,1724,420
580,181,person,1259,464
581,171,person,1729,428
581,181,person,1262,471
582,171,person,1730,434
582,181,person,1259,476
582,182,person,40,527
583,171,person,1732,441
583,181,person,1257,480
583,182,person,40,538
584,171,person,1732,449
584,181,person,1255,481
584,182,person,40,540
585,171,person,1732,456
585,181,person,1256,481
585,182,person,39,555
586,171,person,1733,462
586,181,person,1253,485
587,171,person,1735,470
587,181,person,1249,486
588,171,person,1736,479
588,181,person,1242,489
589,171,person,1738,486
589,181,person,1234,486
590,171,person,1738,491
590,181,person,1223,483
591,171,person,1739,493
591,181,person,1212,479
591,185,sports ball,1109,715
592,171,person,1740,496
592,181,person,1200,496
593,171,person,1740,499
593,181,person,1188,504
594,171,person,1742,501
594,181,person,1177,507
595,171,person,1744,503
595,181,person,1166,509
596,171,person,1743,505
596,181,person,1156,509
597,171,person,1744,507
597,181,person,1141,512
598,171,person,1745,508
598,181,person,1132,514
599,171,person,1745,507
599,181,person,1132,512
600,171,person,1742,506
600,181,person,1124,511
601,171,person,1743,507
601,181,person,1113,513
602,171,person,1745,506
602,181,person,1100,510
602,188,sports ball,1007,612
603,171,person,1746,507
603,181,person,1092,510
603,188,sports ball,993,607
604,171,person,1742,506
604,181,person,1084,509
604,188,sports ball,986,605
605,171,person,1742,506
605,181,person,1077,509
605,188,sports ball,977,605
606,171,person,1739,508
606,181,person,1071,505
606,188,sports ball,972,604
607,171,person,1734,508
607,181,person,1065,506
607,188,sports ball,965,604
608,171,person,1732,508
608,181,person,1059,513
608,188,sports ball,959,605
609,171,person,1730,507
609,181,person,1055,516
609,188,sports ball,952,607
610,171,person,1730,506
610,181,person,1056,518
610,188,sports ball,945,610
610,189,person,1841,524
611,171,person,1729,506
611,181,person,1044,519
611,188,sports ball,940,616
611,189,person,1842,503
612,171,person,1726,506
612,181,person,1035,522
612,188,sports ball,933,620
612,189,person,1838,501
613,171,person,1725,507
613,181,person,1032,526
613,188,sports ball,926,625
613,189,person,1834,503
614,171,person,1727,506
614,181,person,1030,528
614,188,sports ball,921,630
614,189,person,1834,505
615,171,person,1725,505
615,181,person,1026,527
615,188,sports ball,913,638
615,189,person,1831,508
616,171,person,1725,507
616,181,person,1023,528
616,188,sports ball,909,646
616,189,person,1828,509
617,171,person,1728,508
617,181,person,1024,523
617,188,sports ball,905,653
617,189,person,1830,512
618,171,person,1721,512
618,181,person,1022,522
618,188,sports ball,900,664
618,189,person,1829,513
619,171,person,1725,514
619,181,person,1024,518
619,188,sports ball,893,674
619,189,person,1825,512
620,171,person,1724,515
620,181,person,1024,516
620,188,sports ball,889,684
620,189,person,1829,531
621,171,person,1730,516
621,181,person,1023,516
621,188,sports ball,885,697
621,189,person,1797,544
622,171,person,1715,519
622,181,person,1023,516
622,188,sports ball,882,707
622,189,person,1772,539
623,171,person,1700,522
623,181,person,1024,518
623,188,sports ball,878,723
623,189,person,1752,533
624,171,person,1688,533
624,181,person,1023,519
624,188,sports ball,870,738
624,189,person,1741,532
625,171,person,1671,517
625,181,person,1020,522
625,188,sports ball,868,752
625,189,person,1736,540
626,181,person,1017,524
626,188,sports ball,865,765
626,189,person,1715,563
627,181,person,1010,522
627,188,sports ball,860,761
627,189,person,1702,546
628,181,person,1003,519
628,188,sports ball,856,753
628,189,person,1696,543
629,181,person,994,520
629,188,sports ball,853,744
629,189,person,1687,539
630,181,person,988,516
630,188,sports ball,847,739
630,189,person,1681,536
631,181,person,982,512
631,188,sports ball,843,735
631,189,person,1679,534
632,181,person,973,513
632,188,sports ball,839,729
632,189,person,1669,535
633,181,person,968,511
633,188,sports ball,836,726
633,189,person,1660,531
634,181,person,961,509
634,188,sports ball,833,723
634,189,person,1648,525
635,181,person,955,507
635,188,sports ball,827,720
635,189,person,1637,522
636,181,person,948,501
636,188,sports ball,824,719
636,189,person,1627,517
637,181,person,948,496
637,188,sports ball,820,720
637,189,person,1617,511
638,181,person,949,496
638,188,sports ball,817,723
638,189,person,1606,505
639,181,person,952,495
639,188,sports ball,812,725
639,189,person,1601,507
640,181,person,946,494
640,188,sports ball,809,727
640,189,person,1588,503
641,181,person,941,495
641,188,sports ball,805,736
641,189,person,1580,496
642,181,person,930,497
642,188,sports ball,802,742
642,189,person,1558,495
643,181,person,926,497
643,188,sports ball,800,750
643,189,person,1557,495
644,181,person,928,500
644,188,sports ball,799,758
644,189,person,1551,496
644,190,person,1828,510
645,181,person,919,505
645,188,sports ball,798,768
645,189,person,1519,499
645,190,person,1834,511
646,181,person,917,510
646,188,sports ball,798,776
646,189,person,1505,504
646,190,person,1840,513
646,191,person,1739,489
647,181,person,911,511
647,188,sports ball,797,774
647,189,person,1483,511
647,190,person,1834,516
647,191,person,1740,523
648,181,person,910,515
648,188,sports ball,799,772
648,189,person,1452,515
648,190,person,1828,512
648,191,person,1744,526
649,181,person,911,521
649,188,sports ball,800,770
649,189,person,1430,523
649,190,person,1830,516
649,191,person,1727,525
650,181,person,910,523
650,188,sports ball,803,769
650,189,person,1404,527
650,190,person,1825,518
650,191,person,1723,533
651,181,person,912,525
651,188,sports ball,814,769
651,189,person,1375,536
651,190,person,1828,522
651,191,person,1728,536
652,181,person,905,530
652,188,sports ball,811,771
652,189,person,1362,540
652,190,person,1823,524
652,191,person,1733,539
653,181,person,894,530
653,188,sports ball,807,777
653,189,person,1368,546
653,190,person,1827,527
653,191,person,1744,535
654,181,person,893,532
654,189,person,1377,555
654,190,person,1824,541
654,191,person,1756,552
655,181,person,897,534
655,189,person,1383,556
655,190,person,1831,555
655,191,person,1759,557
656,181,person,902,536
656,189,person,1382,559
656,190,person,1835,570
656,191,person,1774,562
657,181,person,920,534
657,189,person,1371,558
657,191,person,1775,561
658,181,person,925,535
658,189,person,1358,560
658,191,person,1791,566
658,192,sports ball,797,795
658,190,person,1835,577
659,181,person,937,538
659,189,person,1343,563
659,191,person,1801,569
659,192,sports ball,789,790
660,181,person,942,542
660,189,person,1323,567
660,191,person,1806,573
660,192,sports ball,792,786
661,181,person,939,545
661,189,person,1311,565
661,191,person,1815,579
661,192,sports ball,800,787
662,181,person,943,547
662,189,person,1300,562
662,191,person,1820,575
662,192,sports ball,803,786
663,181,person,943,552
663,189,person,1293,565
663,191,person,1830,571
663,192,sports ball,810,789
664,181,person,949,553
664,189,person,1278,570
664,191,person,1839,578
664,192,sports ball,817,792
665,181,person,953,558
665,189,person,1251,574
665,191,person,1844,533
665,192,sports ball,824,793
666,181,person,956,559
666,189,person,1224,578
666,191,person,1853,524
666,192,sports ball,828,797
667,181,person,956,557
667,189,person,1199,582
667,191,person,1861,520
667,192,sports ball,832,801
668,181,person,959,557
668,189,person,1231,582
668,191,person,1871,524
668,192,sports ball,840,809
669,181,person,964,557
669,189,person,1182,585
669,191,person,1879,528
669,192,sports ball,849,817
670,181,person,973,558
670,189,person,1168,586
670,191,person,1885,517
670,192,sports ball,857,827
671,181,person,978,559
671,189,person,1171,585
671,191,person,1892,509
671,192,sports ball,863,834
672,181,person,981,560
672,189,person,1172,585
672,191,person,1893,508
672,192,sports ball,870,835
673,181,person,988,567
673,189,person,1179,583
673,192,sports ball,882,836
674,181,person,995,570
674,189,person,1185,583
674,192,sports ball,896,835
675,181,person,993,573
675,189,person,1183,585
675,192,sports ball,908,832
676,181,person,999,577
676,189,person,1176,577
676,192,sports ball,914,834
677,181,person,995,574
677,189,person,1151,573
677,192,sports ball,923,835
678,181,person,988,581
678,189,person,1143,573
678,192,sports ball,932,837
679,189,person,1135,577
679,192,sports ball,948,840
680,189,person,1128,582
680,192,sports ball,954,844
681,189,person,1121,588
681,192,sports ball,963,849
682,189,person,1112,588
682,192,sports ball,969,853
683,189,person,1102,590
683,192,sports ball,971,852
684,189,person,1085,591
684,192,sports ball,976,854
685,189,person,1072,592
685,192,sports ball,982,856
686,189,person,1071,592
686,192,sports ball,982,855
687,189,person,1068,594
688,189,person,1087,595
689,189,person,1084,595
690,189,person,1068,600
690,192,sports ball,991,863
691,189,person,1050,602
691,192,sports ball,991,866
692,189,person,998,607
692,192,sports ball,995,868
693,189,person,957,604
693,192,sports ball,994,869
694,189,person,946,605
694,192,sports ball,992,870
695,189,person,936,608
695,192,sports ball,988,870
696,189,person,923,609
696,192,sports ball,983,870
696,193,person,1193,543
697,189,person,910,613
697,192,sports ball,978,870
697,193,person,1178,545
698,189,person,897,619
698,192,sports ball,975,870
698,193,person,1163,587
699,189,person,890,620
699,192,sports ball,971,871
699,193,person,1144,615
700,189,person,881,619
700,193,person,1127,599
701,189,person,879,619
701,193,person,1119,591
701,192,sports ball,978,856
702,189,person,884,618
702,193,person,1113,591
703,189,person,886,611
703,193,person,1110,588
704,189,person,915,609
704,193,person,1104,585
705,189,person,918,606
705,193,person,1103,584
706,189,person,928,598
706,193,person,1111,582
707,189,person,941,592
707,193,person,1112,578
708,189,person,962,589
708,193,person,1125,580
709,189,person,988,583
709,193,person,1147,654
710,189,person,1010,575
710,193,person,1174,666
711,189,person,1028,565
711,193,person,1196,665
712,189,person,1046,562
712,193,person,1235,665
713,189,person,1074,559
713,193,person,1255,668
714,189,person,1129,562
714,193,person,1270,667
715,189,person,1157,562
716,189,person,1205,561
717,189,person,1235,559
717,195,person,87,580
718,189,person,1242,555
718,195,person,81,566
719,189,person,1223,554
719,195,person,87,563
720,189,person,1187,550
720,195,person,95,559
721,189,person,1183,547
721,195,person,93,552
722,189,person,1188,544
722,195,person,98,548
723,189,person,1185,533
723,195,person,101,542
723,197,sports ball,1532,779
724,189,person,1208,535
724,195,person,110,537
724,197,sports ball,1565,767
725,189,person,1232,530
725,195,person,116,532
725,197,sports ball,1589,765
726,189,person,1246,525
726,195,person,118,527
726,197,sports ball,1608,761
727,189,person,1272,524
727,195,person,117,522
727,197,sports ball,1624,759
728,189,person,1277,517
728,195,person,107,516
728,197,sports ball,1634,759
729,189,person,1278,514
729,195,person,88,515
729,197,sports ball,1643,763
730,189,person,1268,504
730,195,person,75,508
730,197,sports ball,1646,769
731,189,person,1253,496
731,195,person,62,504
731,197,sports ball,1647,777
731,199,person,1021,494
732,189,person,1225,491
732,195,person,48,499
732,197,sports ball,1647,784
732,199,person,975,493
733,189,person,1198,482
733,195,person,35,494
733,197,sports ball,1643,796
733,199,person,948,487
734,189,person,1161,477
734,197,sports ball,1636,811
734,199,person,914,476
735,189,person,1139,469
735,197,sports ball,1622,813
735,199,person,875,467
736,189,person,1109,462
736,197,sports ball,1606,799
736,199,person,835,465
736,200,person,1778,444
737,189,person,1076,457
737,197,sports ball,1583,780
737,199,person,791,457
737,200,person,1757,442
738,189,person,1037,453
738,197,sports ball,1560,767
738,199,person,735,455
738,200,person,1719,439
739,189,person,1003,451
739,197,sports ball,1533,754
739,199,person,668,443
739,200,person,1673,434
740,189,person,963,446
740,197,sports ball,1505,737
740,199,person,599,437
740,200,person,1616,427
741,189,person,914,448
741,197,sports ball,1473,727
741,199,person,532,423
741,200,person,1564,423
742,189,person,862,444
742,197,sports ball,1438,717
742,199,person,461,419
742,200,person,1484,416
743,189,person,804,446
743,197,sports ball,1400,709
743,199,person,391,416
743,200,person,1414,410
744,189,person,742,444
744,197,sports ball,1361,699
744,199,person,320,414
744,200,person,1350,410
745,189,person,682,442
745,197,sports ball,1321,697
745,199,person,243,413
745,200,person,1286,407
746,189,person,620,438
746,197,sports ball,1277,690
746,199,person,170,411
746,200,person,1217,403
747,189,person,557,435
747,197,sports ball,1236,686
747,199,person,123,401
747,200,person,1142,397
748,189,person,493,429
748,197,sports ball,1193,683
748,199,person,77,431
748,200,person,1073,395
749,189,person,427,421
749,197,sports ball,1153,685
749,200,person,999,386
750,189,person,364,409
750,197,sports ball,1111,687
750,200,person,921,381
750,201,person,1730,388
751,189,person,300,400
751,197,sports ball,1072,687
751,200,person,846,376
751,201,person,1665,380
752,189,person,239,386
752,197,sports ball,1035,694
752,200,person,768,368
752,201,person,1607,375
753,189,person,182,374
753,197,sports ball,1001,700
753,200,person,695,356
753,201,person,1555,369
754,189,person,150,360
754,197,sports ball,968,707
754,200,person,631,352
754,201,person,1506,362
755,189,person,117,351
755,197,sports ball,940,711
755,200,person,573,341
755,201,person,1463,356
756,189,person,85,346
756,197,sports ball,918,722
756,200,person,524,333
756,201,person,1424,349
757,189,person,53,400
757,197,sports ball,896,728
757,200,person,480,328
757,201,person,1387,344
758,197,sports ball,885,711
758,200,person,434,322
758,201,person,1360,339
759,197,sports ball,875,691
759,200,person,385,317
759,201,person,1334,333
760,197,sports ball,870,668
760,200,person,341,308
760,201,person,1308,326
761,197,sports ball,863,652
761,200,person,295,301
761,201,person,1286,318
762,197,sports ball,861,633
762,200,person,258,293
762,201,person,1264,313
763,197,sports ball,855,621
763,200,person,219,286
763,201,person,1241,305
764,197,sports ball,853,609
764,200,person,200,282
764,201,person,1218,298
765,197,sports ball,848,596
765,200,person,183,269
765,201,person,1197,289
766,197,sports ball,848,582
766,200,person,166,263
766,201,person,1175,281
767,197,sports ball,850,579
767,200,person,147,240
767,201,person,1157,274
768,197,sports ball,852,572
768,200,person,129,225
768,201,person,1141,268
769,197,sports ball,854,570
769,200,person,109,212
769,201,person,1123,259
770,197,sports ball,860,562
770,200,person,87,201
770,201,person,1107,249
771,197,sports ball,866,553
771,200,person,65,189
771,201,person,1088,242
772,197,sports ball,872,527
772,201,person,1072,232
773,197,sports ball,878,503
773,201,person,1059,223
774,197,sports ball,889,477
774,201,person,1049,215
775,197,sports ball,903,456
775,201,person,1042,206
776,197,sports ball,916,434
776,201,person,1035,200
777,197,sports ball,929,416
777,201,person,1028,190
778,197,sports ball,943,400
778,201,person,1059,180
779,197,sports ball,955,391
779,201,person,1070,173
780,197,sports ball,965,380
780,201,person,1012,161
781,197,sports ball,975,370
781,201,person,985,150
782,197,sports ball,984,365
782,201,person,969,150
783,197,sports ball,993,364
783,201,person,945,147
784,197,sports ball,998,364
784,201,person,925,140
785,197,sports ball,1001,365
785,201,person,902,133
786,197,sports ball,1004,367
786,201,person,884,125
787,197,sports ball,1004,376
787,201,person,859,119
788,197,sports ball,1002,372
788,201,person,837,112
789,197,sports ball,1000,351
789,201,person,808,108
790,197,sports ball,995,331
790,201,person,781,105
791,197,sports ball,990,314
791,201,person,749,103
792,197,sports ball,981,304
792,201,person,715,101
793,197,sports ball,970,297
793,201,person,682,101
794,197,sports ball,961,291
794,201,person,649,101
795,197,sports ball,952,292
795,201,person,611,101
796,197,sports ball,943,296
796,201,person,578,103
797,197,sports ball,935,303
797,201,person,545,105
798,197,sports ball,927,311
798,201,person,506,107
799,197,sports ball,919,323
799,201,person,468,108
800,197,sports ball,911,340
800,201,person,434,111
801,197,sports ball,901,357
801,201,person,398,114
802,197,sports ball,893,380
802,201,person,363,115
802,202,person,1694,296
803,197,sports ball,890,404
803,201,person,330,117
803,202,person,1689,298
804,197,sports ball,887,434
804,201,person,300,121
804,202,person,1676,300
805,197,sports ball,889,446
805,201,person,270,124
805,202,person,1659,301
806,197,sports ball,892,440
806,201,person,240,127
806,202,person,1622,305
807,197,sports ball,899,433
807,201,person,217,129
807,202,person,1622,307
808,197,sports ball,909,431
808,201,person,193,131
808,202,person,1586,312
809,197,sports ball,921,432
809,201,person,170,133
809,202,person,1576,314
810,197,sports ball,934,435
810,201,person,151,135
810,202,person,1544,315
811,197,sports ball,952,440
811,201,person,136,137
811,202,person,1517,318
812,197,sports ball,970,447
812,201,person,119,139
812,202,person,1467,319
813,197,sports ball,990,465
813,201,person,105,142
813,202,person,1441,322
813,204,person,1784,125
814,197,sports ball,1011,483
814,201,person,88,146
814,202,person,1405,325
814,204,person,1750,129
815,197,sports ball,1015,506
815,201,person,78,148
815,202,person,1384,327
815,204,person,1722,131
816,197,sports ball,1006,503
816,201,person,72,150
816,202,person,1363,329
816,204,person,1695,132
817,197,sports ball,983,515
817,201,person,68,154
817,202,person,1216,332
817,204,person,1673,135
818,197,sports ball,966,532
818,201,person,64,158
818,202,person,1193,335
818,204,person,1659,138
819,197,sports ball,950,551
819,201,person,61,161
819,202,person,1200,338
819,204,person,1648,142
820,197,sports ball,936,573
820,201,person,61,163
820,202,person,1216,343
820,204,person,1637,145
821,197,sports ball,925,596
821,201,person,60,165
821,202,person,1187,347
821,204,person,1629,147
822,197,sports ball,920,597
822,201,person,60,167
822,202,person,1198,352
822,204,person,1618,150
823,197,sports ball,919,597
823,201,person,62,170
823,202,person,1220,355
823,204,person,1610,153
824,197,sports ball,918,596
824,201,person,64,173
824,202,person,1241,363
824,204,person,1601,156
825,197,sports ball,917,602
825,201,person,65,176
825,202,person,1249,372
825,204,person,1597,160
826,197,sports ball,914,607
826,201,person,67,178
826,202,person,1254,383
826,204,person,1592,163
827,197,sports ball,909,616
827,201,person,65,180
827,202,person,1260,390
827,204,person,1587,166
828,197,sports ball,905,628
828,201,person,65,184
828,202,person,1259,393
828,204,person,1577,167
829,197,sports ball,897,641
829,201,person,66,187
829,202,person,1254,396
829,204,person,1576,170
830,197,sports ball,893,656
830,201,person,65,190
830,202,person,1250,401
830,204,person,1571,174
831,197,sports ball,887,669
831,201,person,66,193
831,202,person,1243,405
831,204,person,1571,176
832,197,sports ball,887,670
832,201,person,65,198
832,202,person,1234,408
832,204,person,1567,178
833,197,sports ball,887,677
833,201,person,97,200
833,202,person,1216,411
833,204,person,1570,181
834,197,sports ball,885,685
834,201,person,103,204
834,202,person,1187,409
834,204,person,1569,184
835,197,sports ball,885,692
835,201,person,105,207
835,202,person,1169,402
835,204,person,1567,186
836,197,sports ball,886,702
836,201,person,107,210
836,202,person,1165,395
836,204,person,1563,188
837,197,sports ball,883,710
837,201,person,108,212
837,202,person,1161,394
837,204,person,1564,191
838,197,sports ball,881,712
838,201,person,110,215
838,202,person,1160,408
838,204,person,1559,194
839,197,sports ball,873,719
839,201,person,111,217
839,202,person,1160,415
839,204,person,1556,196
840,197,sports ball,838,724
840,201,person,111,218
840,202,person,1161,419
840,204,person,1552,196
841,197,sports ball,798,729
841,201,person,113,221
841,202,person,1145,425
841,204,person,1551,199
842,197,sports ball,768,720
842,201,person,114,223
842,202,person,1115,425
842,204,person,1547,199
843,197,sports ball,736,710
843,201,person,116,224
843,202,person,1084,430
843,204,person,1549,201
844,197,sports ball,707,706
844,201,person,118,225
844,202,person,1066,431
844,204,person,1547,199
845,197,sports ball,677,703
845,201,person,120,225
845,202,person,1136,426
845,204,person,1545,201
846,197,sports ball,646,701
846,201,person,122,225
846,202,person,1128,426
846,204,person,1540,201
847,197,sports ball,615,703
847,201,person,123,223
847,202,person,1140,424
847,204,person,1534,199
848,197,sports ball,588,705
848,201,person,126,221
848,202,person,1146,427
848,204,person,1533,197
849,197,sports ball,556,709
849,201,person,129,219
849,202,person,1140,426
849,204,person,1536,195
850,197,sports ball,527,716
850,201,person,133,215
850,202,person,1139,424
850,204,person,1538,193
850,207,person,1309,189
851,197,sports ball,496,726
851,201,person,137,212
851,202,person,1136,420
851,204,person,1545,191
851,207,person,1308,187
852,197,sports ball,467,737
852,201,person,141,208
852,202,person,1021,415
852,204,person,1549,185
852,207,person,1299,184
853,197,sports ball,435,754
853,201,person,146,203
853,202,person,1000,413
853,204,person,1552,181
853,207,person,1306,180
854,197,sports ball,402,763
854,201,person,146,202
854,202,person,988,408
854,204,person,1554,176
854,207,person,1313,175
855,197,sports ball,380,756
855,201,person,150,197
855,202,person,974,402
855,204,person,1562,171
855,207,person,1322,170
856,197,sports ball,358,731
856,201,person,163,193
856,202,person,938,400
856,204,person,1567,168
856,207,person,1331,165
857,197,sports ball,341,714
857,201,person,176,187
857,202,person,880,395
857,204,person,1573,163
857,207,person,1344,161
858,197,sports ball,322,696
858,201,person,182,182
858,202,person,856,390
858,204,person,1584,156
858,207,person,1357,157
859,197,sports ball,310,686
859,201,person,180,176
859,202,person,844,385
859,204,person,1600,152
859,207,person,1376,150
860,197,sports ball,311,676
860,201,person,207,168
860,202,person,853,380
860,204,person,1629,144
860,207,person,1420,146
861,197,sports ball,327,669
861,201,person,264,163
861,202,person,880,374
861,204,person,1685,138
861,207,person,1476,139
862,197,sports ball,345,667
862,201,person,324,157
862,202,person,904,364
862,204,person,1736,133
862,207,person,1530,132
863,197,sports ball,365,670
863,201,person,384,152
863,202,person,924,338
863,204,person,1795,126
863,207,person,1589,127
864,197,sports ball,398,677
864,201,person,453,145
864,202,person,954,318
864,204,person,1831,119
864,207,person,1651,122
864,208,person,234,317
865,197,sports ball,437,689
865,201,person,515,139
865,202,person,972,311
865,204,person,1867,115
865,207,person,1721,114
865,208,person,240,301
866,197,sports ball,481,698
866,201,person,575,134
866,202,person,1006,314
866,207,person,1794,110
866,208,person,289,297
867,197,sports ball,537,694
867,202,person,1052,316
867,207,person,1868,103
867,208,person,352,292
868,197,sports ball,603,666
868,202,person,1117,321
868,208,person,446,268
869,197,sports ball,677,626
869,202,person,1165,326
869,208,person,562,271
870,197,sports ball,752,593
870,202,person,1242,317
870,208,person,699,310
871,197,sports ball,827,559
871,202,person,1291,311
871,208,person,784,292
872,197,sports ball,902,521
872,202,person,1344,302
872,208,person,947,302
873,197,sports ball,969,490
873,202,person,1392,291
873,208,person,1098,293
874,197,sports ball,1033,465
874,202,person,1431,280
874,208,person,1211,281
875,197,sports ball,1089,445
875,202,person,1467,271
875,208,person,1298,271
876,197,sports ball,1144,427
876,202,person,1539,261
876,208,person,1384,260
877,197,sports ball,1197,413
877,202,person,1568,246
878,197,sports ball,1247,406
878,202,person,1606,238
879,197,sports ball,1294,404
879,202,person,1654,233
880,197,sports ball,1356,403
880,202,person,1664,230
881,197,sports ball,1360,408
881,202,person,1673,247
882,197,sports ball,1380,411
882,202,person,1663,248
883,197,sports ball,1395,427
883,202,person,1674,240
884,197,sports ball,1407,451
884,202,person,1736,231
885,197,sports ball,1417,461
885,202,person,1760,227
886,197,sports ball,1420,442
886,202,person,1742,223
887,197,sports ball,1419,423
887,202,person,1790,215
888,197,sports ball,1412,398
888,202,person,1805,212
889,197,sports ball,1400,384
889,202,person,1825,211
890,197,sports ball,1383,375
890,202,person,1842,209
891,197,sports ball,1362,372
892,197,sports ball,1339,370
893,197,sports ball,1312,379
894,197,sports ball,1287,393
895,197,sports ball,1263,417
896,197,sports ball,1234,447
897,197,sports ball,1206,480
898,197,sports ball,1178,504
899,197,sports ball,1153,508
900,197,sports ball,1131,501
900,210,person,1535,259
901,197,sports ball,1104,503
901,210,person,1547,259
902,197,sports ball,1077,512
902,210,person,1563,259
903,197,sports ball,1049,529
903,210,person,1579,262
904,197,sports ball,1026,544
904,210,person,1600,259
905,197,sports ball,1001,557
905,210,person,1731,260
906,197,sports ball,979,553
906,210,person,1776,260
907,197,sports ball,957,536
907,210,person,1801,258
908,197,sports ball,933,527
908,210,person,1818,245
909,197,sports ball,914,523
910,197,sports ball,897,522
910,211,person,1377,178
911,197,sports ball,876,529
911,211,person,1305,214
912,197,sports ball,856,545
912,211,person,1277,256
913,197,sports ball,838,563
913,211,person,1248,271
914,197,sports ball,828,588
914,211,person,1218,270
915,197,sports ball,835,594
915,211,person,1241,273
916,197,sports ball,877,574
917,197,sports ball,937,545
918,197,sports ball,1003,520
919,197,sports ball,1073,499
919,212,person,1488,256
920,197,sports ball,1146,484
920,212,person,1452,257
921,197,sports ball,1234,475
921,212,person,1443,261
922,197,sports ball,1328,463
923,197,sports ball,1420,466
924,197,sports ball,1503,474
925,197,sports ball,1570,483
926,197,sports ball,1616,502
927,197,sports ball,1653,531
928,197,sports ball,1688,544
929,197,sports ball,1708,550
930,197,sports ball,1735,537
931,197,sports ball,1758,510
933,197,sports ball,1777,487
934,197,mouse,1779,480
935,197,sports ball,1784,475
939,197,sports ball,1756,487
947,218,person,690,222
948,218,person,635,219
949,218,person,587,220
950,218,person,539,219
951,218,person,524,269
952,218,person,516,326
953,218,person,486,346
954,218,person,414,339
955,218,person,362,352
956,218,person,340,364
957,218,person,327,375
966,221,person,1064,560
967,221,person,1145,544
968,221,person,1181,532
969,221,person,1232,531
970,221,person,1289,528
971,221,person,1627,538
972,221,person,1710,531
982,223,person,949,570
983,223,person,1132,536
984,223,person,1324,537
985,223,person,1479,538
986,223,person,1630,537
986,224,person,929,595
987,224,person,1280,546
988,224,person,1522,532
989,224,person,1646,531
990,224,person,1759,534
991,226,person,1199,538
992,226,person,1367,540
992,227,person,909,576
993,226,person,1544,560
993,227,person,1088,631
994,226,person,1648,569
994,227,person,1244,661
995,226,person,1725,583
995,227,person,1388,678
996,227,person,1522,684
997,227,person,1638,678
998,227,person,1711,684
999,227,person,1754,678
1000,227,person,1768,673
1001,227,person,1816,647
1002,227,person,1839,617
1019,229,person,1542,539
1020,229,person,1488,531
1021,229,person,1313,532
1022,229,person,1297,535
1023,229,person,1160,537
1024,229,person,1194,539
1025,229,person,1129,542
1026,229,person,1017,542
1027,229,person,898,544
1028,229,person,797,543
1029,229,person,834,544
1030,229,person,851,546
1031,229,person,873,543
1032,229,person,748,544
1033,229,person,688,545
1034,229,person,658,540
1035,229,person,625,538
1036,229,person,585,537
1037,229,person,557,531
1038,229,person,526,533
1039,229,person,475,531
1040,229,person,395,530
1041,229,person,304,527
1055,231,person,1239,907
1056,231,person,1113,920
1057,231,person,1034,930
1058,231,person,983,932
1059,231,person,947,926
1060,231,person,890,882
1061,231,person,769,888
1062,231,person,649,880
1063,231,person,521,887
1064,231,person,398,915
1065,231,person,277,931
1066,231,person,178,954
1087,232,person,1144,253
